batch,operator,with_median_us,without_median_us,delta_without_minus_with_us,without_over_with_ratio
2,XLA_Retvals,0.3,0.3,0.0,1.0
2,model/Sigmoid_2,0.2,0.3,0.1,1.5
2,model/Sum,1.8,1.15,-0.65,0.638889
2,model/add_3,0.8,0.45,-0.35,0.5625
2,model/common_MoE/MatMul_3,2.2,1.8,-0.4,0.818182
2,model/common_MoE/MatMul_4,0.6,0.8,0.2,1.333333
2,model/common_MoE/common_MoE_gate_3/MatMul,13.8,15.05,1.25,1.09058
2,model/common_MoE/common_MoE_gate_3/Softmax,1.9,1.3,-0.6,0.684211
2,model/common_MoE/common_MoE_gate_4/MatMul,12.4,14.55,2.15,1.173387
2,model/common_MoE/common_MoE_gate_4/Softmax,1.1,1.3,0.2,1.181818
2,model/concat_1,1.4,1.35,-0.05,0.964286
2,model/swa_cart_output_layer/MatMul,4.6,4.65,0.05,1.01087
2,model/swa_cart_output_layer/add,0.3,0.25,-0.05,0.833333
2,model/swa_cart_tower/swa_cart_tower_dense_0/MatMul,64.3,70.5,6.2,1.096423
2,model/swa_cvr_tower/swa_cvr_tower_dense_0/MatMul,82.0,100.7,18.7,1.228049
2,model/swa_order_output_layer/MatMul,5.9,5.45,-0.45,0.923729
2,model/swa_order_output_layer/add,0.4,0.9,0.5,2.25
3,XLA_Retvals,0.4,0.3,-0.1,0.75
3,model/Sigmoid_2,0.3,0.3,0.0,1.0
3,model/Sum,1.4,2.0,0.6,1.428571
3,model/add_3,0.3,0.3,0.0,1.0
3,model/common_MoE/MatMul_3,3.5,3.2,-0.3,0.914286
3,model/common_MoE/MatMul_4,1.8,2.2,0.4,1.222222
3,model/common_MoE/common_MoE_gate_3/MatMul,23.7,21.5,-2.2,0.907173
3,model/common_MoE/common_MoE_gate_3/Softmax,1.1,1.2,0.1,1.090909
3,model/common_MoE/common_MoE_gate_4/MatMul,18.8,19.4,0.6,1.031915
3,model/common_MoE/common_MoE_gate_4/Softmax,2.5,1.5,-1.0,0.6
3,model/concat_1,1.4,1.2,-0.2,0.857143
3,model/swa_cart_output_layer/MatMul,5.7,7.4,1.7,1.298246
3,model/swa_cart_output_layer/add,0.5,0.2,-0.3,0.4
3,model/swa_cart_tower/swa_cart_tower_dense_0/MatMul,72.1,72.4,0.3,1.004161
3,model/swa_cvr_tower/swa_cvr_tower_dense_0/MatMul,133.4,135.7,2.3,1.017241
3,model/swa_order_output_layer/MatMul,6.3,8.0,1.7,1.269841
3,model/swa_order_output_layer/add,1.3,0.9,-0.4,0.692308
29,XLA_Retvals,0.3,0.3,0.0,1.0
29,model/Sigmoid_2,6.5,5.8,-0.7,0.892308
29,model/Sum,2.0,1.9,-0.1,0.95
29,model/add_3,3.7,4.7,1.0,1.27027
29,model/common_MoE/MatMul_3,17.6,16.7,-0.9,0.948864
29,model/common_MoE/MatMul_4,8.0,6.55,-1.45,0.81875
29,model/common_MoE/common_MoE_gate_3/MatMul,184.4,164.8,-19.6,0.893709
29,model/common_MoE/common_MoE_gate_3/Softmax,2.8,2.7,-0.1,0.964286
29,model/common_MoE/common_MoE_gate_4/MatMul,128.5,122.3,-6.2,0.951751
29,model/common_MoE/common_MoE_gate_4/Softmax,2.9,3.6,0.7,1.241379
29,model/concat_1,2.3,1.75,-0.55,0.76087
29,model/swa_cart_output_layer/MatMul,23.7,21.65,-2.05,0.913502
29,model/swa_cart_output_layer/add,0.4,0.35,-0.05,0.875
29,model/swa_cart_tower/swa_cart_tower_dense_0/MatMul,135.9,132.95,-2.95,0.978293
29,model/swa_cvr_tower/swa_cvr_tower_dense_0/MatMul,147.0,576.05,429.05,3.918707
29,model/swa_order_output_layer/MatMul,24.1,22.4,-1.7,0.929461
29,model/swa_order_output_layer/add,0.9,0.85,-0.05,0.944444
51,XLA_Retvals,0.3,0.45,0.15,1.5
51,model/Sigmoid_2,5.6,4.45,-1.15,0.794643
51,model/Sum,2.3,2.7,0.4,1.173913
51,model/add_3,3.6,4.4,0.8,1.222222
51,model/common_MoE/MatMul_3,33.6,24.15,-9.45,0.71875
51,model/common_MoE/MatMul_4,12.7,10.2,-2.5,0.80315
51,model/common_MoE/common_MoE_gate_3/MatMul,315.7,289.05,-26.65,0.915584
51,model/common_MoE/common_MoE_gate_3/Softmax,2.8,2.95,0.15,1.053571
51,model/common_MoE/common_MoE_gate_4/MatMul,221.8,226.8,5.0,1.022543
51,model/common_MoE/common_MoE_gate_4/Softmax,2.7,3.55,0.85,1.314815
51,model/concat_1,3.9,2.9,-1.0,0.74359
51,model/swa_cart_output_layer/MatMul,40.6,40.0,-0.6,0.985222
51,model/swa_cart_output_layer/add,0.6,0.55,-0.05,0.916667
51,model/swa_cart_tower/swa_cart_tower_dense_0/MatMul,218.7,252.2,33.5,1.153178
51,model/swa_cvr_tower/swa_cvr_tower_dense_0/MatMul,253.0,269.25,16.25,1.064229
51,model/swa_order_output_layer/MatMul,40.2,40.0,-0.2,0.995025
51,model/swa_order_output_layer/add,0.3,1.3,1.0,4.333333
81,XLA_Retvals,0.3,0.25,-0.05,0.833333
81,call:parallel_multiply_dot_fusion,97.6,104.25,6.65,1.068135
81,call:parallel_multiply_dot_fusion.1,143.2,185.7,42.5,1.296788
81,model/Sigmoid_2,2.8,2.95,0.15,1.053571
81,model/Sum,2.4,3.15,0.75,1.3125
81,model/add_3,8.1,6.1,-2.0,0.753086
81,model/common_MoE/MatMul_3,52.5,47.3,-5.2,0.900952
81,model/common_MoE/MatMul_4,20.8,23.25,2.45,1.117788
81,model/common_MoE/common_MoE_gate_3/MatMul,363.3,471.9,108.6,1.298927
81,model/common_MoE/common_MoE_gate_3/Softmax,4.7,4.4,-0.3,0.93617
81,model/common_MoE/common_MoE_gate_4/MatMul,269.2,323.4,54.2,1.201337
81,model/common_MoE/common_MoE_gate_4/Softmax,4.3,3.45,-0.85,0.802326
81,model/concat_1,4.3,4.35,0.05,1.011628
81,model/swa_cart_output_layer/add,0.3,0.3,0.0,1.0
81,model/swa_cart_tower/swa_cart_tower_dense_0/MatMul,326.0,361.95,35.95,1.110276
81,model/swa_cvr_tower/swa_cvr_tower_dense_0/MatMul,366.2,359.95,-6.25,0.982933
81,model/swa_order_output_layer/add,0.3,0.45,0.15,1.5
88,XLA_Retvals,0.3,0.25,-0.05,0.833333
88,call:parallel_multiply_dot_fusion,111.3,94.1,-17.2,0.845463
88,call:parallel_multiply_dot_fusion.1,184.5,162.35,-22.15,0.879946
88,model/Sigmoid_2,3.3,2.7,-0.6,0.818182
88,model/Sum,1.9,3.4,1.5,1.789474
88,model/add_3,8.2,7.0,-1.2,0.853659
88,model/common_MoE/MatMul_3,54.7,46.45,-8.25,0.849177
88,model/common_MoE/MatMul_4,24.5,24.15,-0.35,0.985714
88,model/common_MoE/common_MoE_gate_3/MatMul,453.2,473.65,20.45,1.045124
88,model/common_MoE/common_MoE_gate_3/Softmax,4.7,3.55,-1.15,0.755319
88,model/common_MoE/common_MoE_gate_4/MatMul,334.6,267.95,-66.65,0.800807
88,model/common_MoE/common_MoE_gate_4/Softmax,4.6,3.9,-0.7,0.847826
88,model/concat_1,5.5,2.8,-2.7,0.509091
88,model/swa_cart_output_layer/add,0.4,0.3,-0.1,0.75
88,model/swa_cart_tower/swa_cart_tower_dense_0/MatMul,352.4,326.15,-26.25,0.925511
88,model/swa_cvr_tower/swa_cvr_tower_dense_0/MatMul,376.3,384.1,7.8,1.020728
88,model/swa_order_output_layer/add,0.6,0.55,-0.05,0.916667
90,XLA_Retvals,0.3,0.65,0.35,2.166667
90,call:parallel_multiply_dot_fusion,104.2,108.35,4.15,1.039827
90,call:parallel_multiply_dot_fusion.1,181.6,186.8,5.2,1.028634
90,model/Sigmoid_2,3.3,3.25,-0.05,0.984848
90,model/Sum,2.0,2.8,0.8,1.4
90,model/add_3,7.4,6.7,-0.7,0.905405
90,model/common_MoE/MatMul_3,60.2,53.15,-7.05,0.88289
90,model/common_MoE/MatMul_4,26.0,20.85,-5.15,0.801923
90,model/common_MoE/common_MoE_gate_3/MatMul,386.5,579.6,193.1,1.499612
90,model/common_MoE/common_MoE_gate_3/Softmax,4.6,3.9,-0.7,0.847826
90,model/common_MoE/common_MoE_gate_4/MatMul,294.7,336.1,41.4,1.140482
90,model/common_MoE/common_MoE_gate_4/Softmax,4.8,4.15,-0.65,0.864583
90,model/concat_1,4.0,4.1,0.1,1.025
90,model/swa_cart_output_layer/add,0.3,0.3,0.0,1.0
90,model/swa_cart_tower/swa_cart_tower_dense_0/MatMul,357.9,328.9,-29.0,0.918972
90,model/swa_cvr_tower/swa_cvr_tower_dense_0/MatMul,394.8,391.6,-3.2,0.991895
90,model/swa_order_output_layer/add,0.6,0.3,-0.3,0.5
91,XLA_Retvals,0.2,0.3,0.1,1.5
91,call:parallel_multiply_dot_fusion,110.8,110.15,-0.65,0.994134
91,call:parallel_multiply_dot_fusion.1,187.8,189.75,1.95,1.010383
91,model/Sigmoid_2,4.3,4.85,0.55,1.127907
91,model/Sum,2.7,2.4,-0.3,0.888889
91,model/add_3,6.3,6.4,0.1,1.015873
91,model/common_MoE/MatMul_3,62.3,51.25,-11.05,0.822632
91,model/common_MoE/MatMul_4,25.5,24.1,-1.4,0.945098
91,model/common_MoE/common_MoE_gate_3/MatMul,424.4,441.75,17.35,1.040881
91,model/common_MoE/common_MoE_gate_3/Softmax,4.8,5.05,0.25,1.052083
91,model/common_MoE/common_MoE_gate_4/MatMul,306.0,306.25,0.25,1.000817
91,model/common_MoE/common_MoE_gate_4/Softmax,5.6,5.9,0.3,1.053571
91,model/concat_1,4.3,4.25,-0.05,0.988372
91,model/swa_cart_output_layer/add,0.3,0.3,0.0,1.0
91,model/swa_cart_tower/swa_cart_tower_dense_0/MatMul,360.9,366.8,5.9,1.016348
91,model/swa_cvr_tower/swa_cvr_tower_dense_0/MatMul,393.8,411.75,17.95,1.045582
91,model/swa_order_output_layer/add,0.3,0.5,0.2,1.666667
96,XLA_Retvals,0.3,0.4,0.1,1.333333
96,call:parallel_multiply_dot_fusion,135.5,116.4,-19.1,0.859041
96,call:parallel_multiply_dot_fusion.1,208.0,177.75,-30.25,0.854567
96,model/Sigmoid_2,3.1,2.8,-0.3,0.903226
96,model/Sum,3.8,2.55,-1.25,0.671053
96,model/add_3,7.2,10.4,3.2,1.444444
96,model/common_MoE/MatMul_3,61.2,47.6,-13.6,0.777778
96,model/common_MoE/MatMul_4,29.4,24.45,-4.95,0.831633
96,model/common_MoE/common_MoE_gate_3/MatMul,403.7,413.9,10.2,1.025266
96,model/common_MoE/common_MoE_gate_3/Softmax,3.8,3.35,-0.45,0.881579
96,model/common_MoE/common_MoE_gate_4/MatMul,275.1,311.0,35.9,1.130498
96,model/common_MoE/common_MoE_gate_4/Softmax,4.8,4.4,-0.4,0.916667
96,model/concat_1,4.3,3.35,-0.95,0.77907
96,model/swa_cart_output_layer/add,0.4,0.3,-0.1,0.75
96,model/swa_cart_tower/swa_cart_tower_dense_0/MatMul,379.2,398.35,19.15,1.050501
96,model/swa_cvr_tower/swa_cvr_tower_dense_0/MatMul,410.2,992.1,581.9,2.418576
96,model/swa_order_output_layer/add,0.4,0.4,0.0,1.0
97,XLA_Retvals,0.2,0.25,0.05,1.25
97,call:parallel_multiply_dot_fusion,114.2,136.45,22.25,1.194834
97,call:parallel_multiply_dot_fusion.1,209.8,209.0,-0.8,0.996187
97,model/Sigmoid_2,3.9,4.05,0.15,1.038462
97,model/Sum,1.9,3.1,1.2,1.631579
97,model/add_3,7.8,7.65,-0.15,0.980769
97,model/common_MoE/MatMul_3,63.9,48.2,-15.7,0.754304
97,model/common_MoE/MatMul_4,29.2,22.55,-6.65,0.77226
97,model/common_MoE/common_MoE_gate_3/MatMul,397.4,479.05,81.65,1.20546
97,model/common_MoE/common_MoE_gate_3/Softmax,5.1,4.55,-0.55,0.892157
97,model/common_MoE/common_MoE_gate_4/MatMul,282.1,341.0,58.9,1.208791
97,model/common_MoE/common_MoE_gate_4/Softmax,4.4,3.95,-0.45,0.897727
97,model/concat_1,4.2,3.65,-0.55,0.869048
97,model/swa_cart_output_layer/add,0.3,0.35,0.05,1.166667
97,model/swa_cart_tower/swa_cart_tower_dense_0/MatMul,380.4,365.15,-15.25,0.959911
97,model/swa_cvr_tower/swa_cvr_tower_dense_0/MatMul,466.3,867.1,400.8,1.859532
97,model/swa_order_output_layer/add,0.6,0.5,-0.1,0.833333
99,XLA_Retvals,0.3,0.3,0.0,1.0
99,call:parallel_multiply_dot_fusion,131.1,134.4,3.3,1.025172
99,call:parallel_multiply_dot_fusion.1,184.7,196.2,11.5,1.062263
99,model/Sigmoid_2,7.6,5.4,-2.2,0.710526
99,model/Sum,2.8,2.8,0.0,1.0
99,model/add_3,7.4,7.5,0.1,1.013514
99,model/common_MoE/MatMul_3,56.3,47.3,-9.0,0.840142
99,model/common_MoE/MatMul_4,27.1,26.2,-0.9,0.96679
99,model/common_MoE/common_MoE_gate_3/MatMul,406.3,389.7,-16.6,0.959143
99,model/common_MoE/common_MoE_gate_3/Softmax,4.3,5.0,0.7,1.162791
99,model/common_MoE/common_MoE_gate_4/MatMul,301.8,309.7,7.9,1.026176
99,model/common_MoE/common_MoE_gate_4/Softmax,4.4,4.8,0.4,1.090909
99,model/concat_1,4.8,4.6,-0.2,0.958333
99,model/swa_cart_output_layer/add,0.3,0.3,0.0,1.0
99,model/swa_cart_tower/swa_cart_tower_dense_0/MatMul,391.7,401.1,9.4,1.023998
99,model/swa_cvr_tower/swa_cvr_tower_dense_0/MatMul,441.7,476.6,34.9,1.079013
99,model/swa_order_output_layer/add,0.3,0.7,0.4,2.333333
176,XLA_Retvals,0.3,0.45,0.15,1.5
176,call:parallel_multiply_dot_fusion,153.0,151.35,-1.65,0.989216
176,call:parallel_multiply_dot_fusion.1,239.8,240.8,1.0,1.00417
176,model/Sigmoid_2,6.2,6.15,-0.05,0.991935
176,model/Sum,3.8,3.65,-0.15,0.960526
176,model/add_3,13.4,13.6,0.2,1.014925
176,model/common_MoE/MatMul_3,110.7,107.45,-3.25,0.970641
176,model/common_MoE/MatMul_4,55.3,52.85,-2.45,0.955696
176,model/common_MoE/common_MoE_gate_3/MatMul,457.6,559.5,101.9,1.222684
176,model/common_MoE/common_MoE_gate_3/Softmax,6.5,5.6,-0.9,0.861538
176,model/common_MoE/common_MoE_gate_4/MatMul,411.2,421.9,10.7,1.026021
176,model/common_MoE/common_MoE_gate_4/Softmax,7.9,7.85,-0.05,0.993671
176,model/concat_1,5.8,6.85,1.05,1.181034
176,model/swa_cart_output_layer/add,0.4,0.4,0.0,1.0
176,model/swa_cart_tower/swa_cart_tower_dense_0/MatMul,660.1,666.9,6.8,1.010301
176,model/swa_cvr_tower/swa_cvr_tower_dense_0/MatMul,768.4,1271.4,503.0,1.654607
176,model/swa_order_output_layer/add,0.6,0.65,0.05,1.083333
